State,Total,Aggregate
Gujarat,3401,0.25086671
Rajasthan,1118,0.08246662
Maharashtra,9036,0.66651914
Haryana,2,0.00014753