Type,Total,Aggregate
Rural,8548,0.63052298
Urban,5009,0.36947702